"Abilene, TX","160,245","165,252","5,007",3.1
"Akron, OH","694,960","703,200","8,240",1.2
"Albany, GA","157,833","157,308",-525,-0.3
"Albany-Schenectady-Troy, NY","825,875","870,716","44,841",5.4
"Albuquerque, NM","729,649","887,077","157,428",21.6
"Alexandria, LA","145,035","153,922","8,887",6.1
"Allentown-Bethlehem-Easton, PA-NJ","740,395","821,173","80,778",10.9
"Altoona, PA","129,144","127,089","-2,055",-1.6
"Amarillo, TX","226,522","249,881","23,359",10.3
"Ames, IA","79,981","89,542","9,561",12.0
"Anchorage, AK","319,605","380,821","61,216",19.2
"Anderson, IN","133,358","131,636","-1,722",-1.3
"Anderson, SC","165,740","187,126","21,386",12.9
"Ann Arbor, MI","322,895","344,791","21,896",6.8
"Anniston-Oxford, AL","112,249","118,572","6,323",5.6
"Appleton, WI","201,602","225,666","24,064",11.9
"Asheville, NC","369,171","424,858","55,687",15.1
"Athens-Clarke County, GA","166,079","192,541","26,462",15.9
"Atlanta-Sandy Springs-Marietta, GA","4,247,981","5,268,860","1,020,879",24.0
"Atlantic City-Hammonton, NJ","252,552","274,549","21,997",8.7
"Auburn-Opelika, AL","115,092","140,247","25,155",21.9
"Augusta-Richmond County, GA-SC","499,684","556,877","57,193",11.4
"Austin-Round Rock-San Marcos, TX","1,249,763","1,716,289","466,526",37.3
"Bakersfield-Delano, CA","661,645","839,631","177,986",26.9
"Baltimore-Towson, MD","2,552,994","2,710,489","157,495",6.2
"Bangor, ME","144,919","153,923","9,004",6.2
"Barnstable Town, MA","222,230","215,888","-6,342",-2.9
"Baton Rouge, LA","705,973","802,484","96,511",13.7
"Battle Creek, MI","137,985","136,146","-1,839",-1.3
"Bay City, MI","110,157","107,771","-2,386",-2.2
"Beaumont-Port Arthur, TX","385,090","388,745","3,655",0.9
"Bellingham, WA","166,814","201,140","34,326",20.6
"Bend, OR","115,367","157,733","42,366",36.7
"Billings, MT","138,904","158,050","19,146",13.8
"Binghamton, NY","252,320","251,725",-595,-0.2
"Birmingham-Hoover, AL","1,052,238","1,128,047","75,809",7.2
"Bismarck, ND","94,719","108,779","14,060",14.8
"Blacksburg-Christiansburg-Radford, VA","151,272","162,958","11,686",7.7
"Bloomington, IN","175,506","192,714","17,208",9.8
"Bloomington-Normal, IL","150,433","169,572","19,139",12.7
"Boise City-Nampa, ID","464,840","616,561","151,721",32.6
"Boston-Cambridge-Quincy, MA-NH","4,391,344","4,552,402","161,058",3.7
"Boulder, CO /1","269,814","294,567","24,753",9.2
"Bowling Green, KY","104,166","125,953","21,787",20.9
"Bremerton-Silverdale, WA","231,969","251,133","19,164",8.3
"Bridgeport-Stamford-Norwalk, CT","882,567","916,829","34,262",3.9
"Brownsville-Harlingen, TX","335,227","406,220","70,993",21.2
"Brunswick, GA","93,044","112,370","19,326",20.8
"Buffalo-Niagara Falls, NY","1,170,111","1,135,509","-34,602",-3.0
"Burlington, NC","130,800","151,131","20,331",15.5
"Burlington-South Burlington, VT","198,889","211,261","12,372",6.2
"Canton-Massillon, OH","406,934","404,422","-2,512",-0.6
"Cape Coral-Fort Myers, FL","440,888","618,754","177,866",40.3
"Cape Girardeau-Jackson, MO-IL","90,312","96,275","5,963",6.6
"Carson City, NV","52,457","55,274","2,817",5.4
"Casper, WY","66,533","75,450","8,917",13.4
"Cedar Rapids, IA","237,230","257,940","20,710",8.7
"Champaign-Urbana, IL","210,275","231,891","21,616",10.3
"Charleston, WV","309,635","304,284","-5,351",-1.7
"Charleston-North Charleston-Summerville, SC","549,033","664,607","115,574",21.1
"Charlotte-Gastonia-Rock Hill, NC-SC","1,330,448","1,758,038","427,590",32.1
"Charlottesville, VA","174,021","201,559","27,538",15.8
"Chattanooga, TN-GA","476,531","528,143","51,612",10.8
"Cheyenne, WY","81,607","91,738","10,131",12.4
"Chicago-Joliet-Naperville, IL-IN-WI","9,098,316","9,461,105","362,789",4.0
"Chico, CA","203,171","220,000","16,829",8.3
"Cincinnati-Middletown, OH-KY-IN","2,009,632","2,130,151","120,519",6.0
"Clarksville, TN-KY","232,000","273,949","41,949",18.1
"Cleveland, TN","104,015","115,788","11,773",11.3
"Cleveland-Elyria-Mentor, OH","2,148,143","2,077,240","-70,903",-3.3
"Coeur d'Alene, ID","108,685","138,494","29,809",27.4
"College Station-Bryan, TX","184,885","228,660","43,775",23.7
"Colorado Springs, CO","537,484","645,613","108,129",20.1
"Columbia, MO","145,666","172,786","27,120",18.6
"Columbia, SC","647,158","767,598","120,440",18.6
"Columbus, GA-AL","281,768","294,865","13,097",4.6
"Columbus, IN","71,435","76,794","5,359",7.5
"Columbus, OH","1,612,694","1,836,536","223,842",13.9
"Corpus Christi, TX","403,280","428,185","24,905",6.2
"Corvallis, OR","78,153","85,579","7,426",9.5
"Crestview-Fort Walton Beach-Destin, FL","170,498","180,822","10,324",6.1
"Cumberland, MD-WV","102,008","103,299","1,291",1.3
"Dallas-Fort Worth-Arlington, TX","5,161,544","6,371,773","1,210,229",23.4
"Dalton, GA","120,031","142,227","22,196",18.5
"Danville, IL","83,919","81,625","-2,294",-2.7
"Danville, VA","110,156","106,561","-3,595",-3.3
"Davenport-Moline-Rock Island, IA-IL","376,019","379,690","3,671",1.0
"Dayton, OH","848,153","841,502","-6,651",-0.8
"Decatur, AL","145,867","153,829","7,962",5.5
"Decatur, IL","114,706","110,768","-3,938",-3.4
"Deltona-Daytona Beach-Ormond Beach, FL","443,343","494,593","51,250",11.6
"Denver-Aurora-Broomfield, CO /1","2,179,240","2,543,482","364,242",16.7
"Des Moines-West Des Moines, IA","481,394","569,633","88,239",18.3
"Detroit-Warren-Livonia, MI","4,452,557","4,296,250","-156,307",-3.5
"Dothan, AL","130,861","145,639","14,778",11.3
"Dover, DE","126,697","162,310","35,613",28.1
"Dubuque, IA","89,143","93,653","4,510",5.1
"Duluth, MN-WI","275,486","279,771","4,285",1.6
"Durham-Chapel Hill, NC","426,493","504,357","77,864",18.3
"Eau Claire, WI","148,337","161,151","12,814",8.6
"El Centro, CA","142,361","174,528","32,167",22.6
"Elizabethtown, KY","107,547","119,736","12,189",11.3
"Elkhart-Goshen, IN","182,791","197,559","14,768",8.1
"Elmira, NY","91,070","88,830","-2,240",-2.5
"El Paso, TX","679,622","800,647","121,025",17.8
"Erie, PA","280,843","280,566",-277,-0.1
"Eugene-Springfield, OR","322,959","351,715","28,756",8.9
"Evansville, IN-KY","342,815","358,676","15,861",4.6
"Fairbanks, AK","82,840","97,581","14,741",17.8
"Fargo, ND-MN","174,367","208,777","34,410",19.7
"Farmington, NM","113,801","130,044","16,243",14.3
"Fayetteville, NC","336,609","366,383","29,774",8.8
"Fayetteville-Springdale-Rogers, AR-MO","347,045","463,204","116,159",33.5
"Flagstaff, AZ","116,320","134,421","18,101",15.6
"Flint, MI","436,141","425,790","-10,351",-2.4
"Florence, SC","193,155","205,566","12,411",6.4
"Florence-Muscle Shoals, AL","142,950","147,137","4,187",2.9
"Fond du Lac, WI","97,296","101,633","4,337",4.5
"Fort Collins-Loveland, CO","251,494","299,630","48,136",19.1
"Fort Smith, AR-OK","273,170","298,592","25,422",9.3
"Fort Wayne, IN","390,156","416,257","26,101",6.7
"Fresno, CA","799,407","930,450","131,043",16.4
"Gadsden, AL","103,459","104,430",971,0.9
"Gainesville, FL","232,392","264,275","31,883",13.7
"Gainesville, GA","139,277","179,684","40,407",29.0
"Glens Falls, NY","124,345","128,923","4,578",3.7
"Goldsboro, NC","113,329","122,623","9,294",8.2
"Grand Forks, ND-MN","97,478","98,461",983,1.0
"Grand Junction, CO","116,255","146,723","30,468",26.2
"Grand Rapids-Wyoming, MI","740,482","774,160","33,678",4.5
"Great Falls, MT","80,357","81,327",970,1.2
"Greeley, CO /1","180,926","252,825","71,899",39.7
"Green Bay, WI","282,599","306,241","23,642",8.4
"Greensboro-High Point, NC","643,430","723,801","80,371",12.5
"Greenville, NC","152,772","189,510","36,738",24.0
"Greenville-Mauldin-Easley, SC","559,940","636,986","77,046",13.8
"Gulfport-Biloxi, MS","246,190","248,820","2,630",1.1
"Hagerstown-Martinsburg, MD-WV","222,771","269,140","46,369",20.8
"Hanford-Corcoran, CA","129,461","152,982","23,521",18.2
"Harrisburg-Carlisle, PA","509,074","549,475","40,401",7.9
"Harrisonburg, VA","108,193","125,228","17,035",15.7
"Hartford-West Hartford-East Hartford, CT","1,148,618","1,212,381","63,763",5.6
"Hattiesburg, MS","123,812","142,842","19,030",15.4
"Hickory-Lenoir-Morganton, NC","341,851","365,497","23,646",6.9
"Hinesville-Fort Stewart, GA","71,914","77,917","6,003",8.3
"Holland-Grand Haven, MI","238,314","263,801","25,487",10.7
"Honolulu, HI","876,156","953,207","77,051",8.8
"Hot Springs, AR","88,068","96,024","7,956",9.0
"Houma-Bayou Cane-Thibodaux, LA","194,477","208,178","13,701",7.0
"Houston-Sugar Land-Baytown, TX","4,715,407","5,946,800","1,231,393",26.1
"Huntington-Ashland, WV-KY-OH","288,649","287,702",-947,-0.3
"Huntsville, AL","342,376","417,593","75,217",22.0
"Idaho Falls, ID","101,677","130,374","28,697",28.2
"Indianapolis-Carmel, IN","1,525,104","1,756,241","231,137",15.2
"Iowa City, IA","131,676","152,586","20,910",15.9
"Ithaca, NY","96,501","101,564","5,063",5.2
"Jackson, MI","158,422","160,248","1,826",1.2
"Jackson, MS","497,197","539,057","41,860",8.4
"Jackson, TN","107,377","115,425","8,048",7.5
"Jacksonville, FL","1,122,750","1,345,596","222,846",19.8
"Jacksonville, NC","150,355","177,772","27,417",18.2
"Janesville, WI","152,307","160,331","8,024",5.3
"Jefferson City, MO","140,052","149,807","9,755",7.0
"Johnson City, TN","181,607","198,716","17,109",9.4
"Johnstown, PA","152,598","143,679","-8,919",-5.8
"Jonesboro, AR","107,762","121,026","13,264",12.3
"Joplin, MO","157,322","175,518","18,196",11.6
"Kalamazoo-Portage, MI","314,866","326,589","11,723",3.7
"Kankakee-Bradley, IL","103,833","113,449","9,616",9.3
"Kansas City, MO-KS","1,836,038","2,035,334","199,296",10.9
"Kennewick-Pasco-Richland, WA","191,822","253,340","61,518",32.1
"Killeen-Temple-Fort Hood, TX","330,714","405,300","74,586",22.6
"Kingsport-Bristol-Bristol, TN-VA","298,484","309,544","11,060",3.7
"Kingston, NY","177,749","182,493","4,744",2.7
"Knoxville, TN","616,079","698,030","81,951",13.3
"Kokomo, IN","101,541","98,688","-2,853",-2.8
"La Crosse, WI-MN","126,838","133,665","6,827",5.4
"Lafayette, IN","178,541","201,789","23,248",13.0
"Lafayette, LA","239,086","273,738","34,652",14.5
"Lake Charles, LA","193,568","199,607","6,039",3.1
"Lake Havasu City-Kingman, AZ","155,032","200,186","45,154",29.1
"Lakeland-Winter Haven, FL","483,924","602,095","118,171",24.4
"Lancaster, PA","470,658","519,445","48,787",10.4
"Lansing-East Lansing, MI","447,728","464,036","16,308",3.6
"Laredo, TX","193,117","250,304","57,187",29.6
"Las Cruces, NM","174,682","209,233","34,551",19.8
"Las Vegas-Paradise, NV","1,375,765","1,951,269","575,504",41.8
"Lawrence, KS","99,962","110,826","10,864",10.9
"Lawton, OK","114,996","124,098","9,102",7.9
"Lebanon, PA","120,327","133,568","13,241",11.0
"Lewiston, ID-WA","57,961","60,888","2,927",5.0
"Lewiston-Auburn, ME","103,793","107,702","3,909",3.8
"Lexington-Fayette, KY","408,326","472,099","63,773",15.6
"Lima, OH","108,473","106,331","-2,142",-2.0
"Lincoln, NE","266,787","302,157","35,370",13.3
"Little Rock-North Little Rock-Conway, AR","610,518","699,757","89,239",14.6
"Logan, UT-ID","102,720","125,442","22,722",22.1
"Longview, TX","194,042","214,369","20,327",10.5
"Longview, WA","92,948","102,410","9,462",10.2
"Los Angeles-Long Beach-Santa Ana, CA","12,365,627","12,828,837","463,210",3.7
"Louisville/Jefferson County, KY-IN","1,161,975","1,283,566","121,591",10.5
"Lubbock, TX","249,700","284,890","35,190",14.1
"Lynchburg, VA","228,616","252,634","24,018",10.5
"Macon, GA","222,368","232,293","9,925",4.5
"Madera-Chowchilla, CA","123,109","150,865","27,756",22.5
"Madison, WI","501,774","568,593","66,819",13.3
"Manchester-Nashua, NH","380,841","400,721","19,880",5.2
"Manhattan, KS","108,999","127,081","18,082",16.6
"Mankato-North Mankato, MN","85,712","96,740","11,028",12.9
"Mansfield, OH","128,852","124,475","-4,377",-3.4
"McAllen-Edinburg-Mission, TX","569,463","774,769","205,306",36.1
"Medford, OR","181,269","203,206","21,937",12.1
"Memphis, TN-MS-AR","1,205,204","1,316,100","110,896",9.2
"Merced, CA","210,554","255,793","45,239",21.5
"Miami-Fort Lauderdale-Pompano Beach, FL","5,007,564","5,564,635","557,071",11.1
"Michigan City-La Porte, IN","110,106","111,467","1,361",1.2
"Midland, TX","116,009","136,872","20,863",18.0
"Milwaukee-Waukesha-West Allis, WI","1,500,741","1,555,908","55,167",3.7
"Minneapolis-St. Paul-Bloomington, MN-WI","2,968,806","3,279,833","311,027",10.5
"Missoula, MT","95,802","109,299","13,497",14.1
"Mobile, AL","399,843","412,992","13,149",3.3
"Modesto, CA","446,997","514,453","67,456",15.1
"Monroe, LA","170,053","176,441","6,388",3.8
"Monroe, MI","145,945","152,021","6,076",4.2
"Montgomery, AL","346,528","374,536","28,008",8.1
"Morgantown, WV","111,200","129,709","18,509",16.6
"Morristown, TN","123,081","136,608","13,527",11.0
"Mount Vernon-Anacortes, WA","102,979","116,901","13,922",13.5
"Muncie, IN","118,769","117,671","-1,098",-0.9
"Muskegon-Norton Shores, MI","170,200","172,188","1,988",1.2
"Myrtle Beach-North Myrtle Beach-Conway, SC","196,629","269,291","72,662",37.0
"Napa, CA","124,279","136,484","12,205",9.8
"Naples-Marco Island, FL","251,377","321,520","70,143",27.9
"Nashville-Davidson--Murfreesboro--Franklin, TN","1,311,789","1,589,934","278,145",21.2
"New Haven-Milford, CT","824,008","862,477","38,469",4.7
"New Orleans-Metairie-Kenner, LA","1,316,510","1,167,764","-148,746",-11.3
"New York-Northern New Jersey-Long Island, NY-NJ-PA","18,323,002","18,897,109","574,107",3.1
"Niles-Benton Harbor, MI","162,453","156,813","-5,640",-3.5
"North Port-Bradenton-Sarasota, FL","589,959","702,281","112,322",19.0
"Norwich-New London, CT","259,088","274,055","14,967",5.8
"Ocala, FL","258,916","331,298","72,382",28.0
"Ocean City, NJ","102,326","97,265","-5,061",-4.9
"Odessa, TX","121,123","137,130","16,007",13.2
"Ogden-Clearfield, UT","442,656","547,184","104,528",23.6
"Oklahoma City, OK","1,095,421","1,252,987","157,566",14.4
"Olympia, WA","207,355","252,264","44,909",21.7
"Omaha-Council Bluffs, NE-IA","767,041","865,350","98,309",12.8
"Orlando-Kissimmee-Sanford, FL","1,644,561","2,134,411","489,850",29.8
"Oshkosh-Neenah, WI","156,763","166,994","10,231",6.5
"Owensboro, KY","109,875","114,752","4,877",4.4
"Oxnard-Thousand Oaks-Ventura, CA","753,197","823,318","70,121",9.3
"Palm Bay-Melbourne-Titusville, FL","476,230","543,376","67,146",14.1
"Palm Coast, FL","49,832","95,696","45,864",92.0
"Panama City-Lynn Haven-Panama City Beach, FL","148,217","168,852","20,635",13.9
"Parkersburg-Marietta-Vienna, WV-OH","164,624","162,056","-2,568",-1.6
"Pascagoula, MS","150,564","162,246","11,682",7.8
"Pensacola-Ferry Pass-Brent, FL","412,153","448,991","36,838",8.9
"Peoria, IL","366,899","379,186","12,287",3.3
"Philadelphia-Camden-Wilmington, PA-NJ-DE-MD","5,687,147","5,965,343","278,196",4.9
"Phoenix-Mesa-Glendale, AZ","3,251,876","4,192,887","941,011",28.9
"Pine Bluff, AR","107,341","100,258","-7,083",-6.6
"Pittsburgh, PA","2,431,087","2,356,285","-74,802",-3.1
"Pittsfield, MA","134,953","131,219","-3,734",-2.8
"Pocatello, ID","83,103","90,656","7,553",9.1
"Portland-South Portland-Biddeford, ME","487,568","514,098","26,530",5.4
"Portland-Vancouver-Hillsboro, OR-WA","1,927,881","2,226,009","298,128",15.5
"Port St. Lucie, FL","319,426","424,107","104,681",32.8
"Poughkeepsie-Newburgh-Middletown, NY","621,517","670,301","48,784",7.8
"Prescott, AZ","167,517","211,033","43,516",26.0
"Providence-New Bedford-Fall River, RI-MA","1,582,997","1,600,852","17,855",1.1
"Provo-Orem, UT","376,774","526,810","150,036",39.8
"Pueblo, CO","141,472","159,063","17,591",12.4
"Punta Gorda, FL","141,627","159,978","18,351",13.0
"Racine, WI","188,831","195,408","6,577",3.5
"Raleigh-Cary, NC","797,071","1,130,490","333,419",41.8
"Rapid City, SD","112,818","126,382","13,564",12.0
"Reading, PA","373,638","411,442","37,804",10.1
"Redding, CA","163,256","177,223","13,967",8.6
"Reno-Sparks, NV","342,885","425,417","82,532",24.1
"Richmond, VA","1,096,957","1,258,251","161,294",14.7
"Riverside-San Bernardino-Ontario, CA","3,254,821","4,224,851","970,030",29.8
"Roanoke, VA","288,309","308,707","20,398",7.1
"Rochester, MN","163,618","186,011","22,393",13.7
"Rochester, NY","1,037,831","1,054,323","16,492",1.6
"Rockford, IL","320,204","349,431","29,227",9.1
"Rocky Mount, NC","143,026","152,392","9,366",6.5
"Rome, GA","90,565","96,317","5,752",6.4
"Sacramento--Arden-Arcade--Roseville, CA","1,796,857","2,149,127","352,270",19.6
"Saginaw-Saginaw Township North, MI","210,039","200,169","-9,870",-4.7
"St. Cloud, MN","167,392","189,093","21,701",13.0
"St. George, UT","90,354","138,115","47,761",52.9
"St. Joseph, MO-KS","122,336","127,329","4,993",4.1
"St. Louis, MO-IL","2,698,687","2,812,896","114,209",4.2
"Salem, OR","347,214","390,738","43,524",12.5
"Salinas, CA","401,762","415,057","13,295",3.3
"Salisbury, MD","109,391","125,203","15,812",14.5
"Salt Lake City, UT","968,858","1,124,197","155,339",16.0
"San Angelo, TX","105,781","111,823","6,042",5.7
"San Antonio-New Braunfels, TX","1,711,703","2,142,508","430,805",25.2
"San Diego-Carlsbad-San Marcos, CA","2,813,833","3,095,313","281,480",10.0
"Sandusky, OH","79,551","77,079","-2,472",-3.1
"San Francisco-Oakland-Fremont, CA","4,123,740","4,335,391","211,651",5.1
"San Jose-Sunnyvale-Santa Clara, CA","1,735,819","1,836,911","101,092",5.8
"San Luis Obispo-Paso Robles, CA","246,681","269,637","22,956",9.3
"Santa Barbara-Santa Maria-Goleta, CA","399,347","423,895","24,548",6.1
"Santa Cruz-Watsonville, CA","255,602","262,382","6,780",2.7
"Santa Fe, NM","129,292","144,170","14,878",11.5
"Santa Rosa-Petaluma, CA","458,614","483,878","25,264",5.5
"Savannah, GA","293,000","347,611","54,611",18.6
"Scranton--Wilkes-Barre, PA","560,625","563,631","3,006",0.5
"Seattle-Tacoma-Bellevue, WA","3,043,878","3,439,809","395,931",13.0
"Sebastian-Vero Beach, FL","112,947","138,028","25,081",22.2
"Sheboygan, WI","112,646","115,507","2,861",2.5
"Sherman-Denison, TX","110,595","120,877","10,282",9.3
"Shreveport-Bossier City, LA","375,965","398,604","22,639",6.0
"Sioux City, IA-NE-SD","143,053","143,577",524,0.4
"Sioux Falls, SD","187,093","228,261","41,168",22.0
"South Bend-Mishawaka, IN-MI","316,663","319,224","2,561",0.8
"Spartanburg, SC","253,791","284,307","30,516",12.0
"Spokane, WA","417,939","471,221","53,282",12.7
"Springfield, IL","201,437","210,170","8,733",4.3
"Springfield, MA","680,014","692,942","12,928",1.9
"Springfield, MO","368,374","436,712","68,338",18.6
"Springfield, OH","144,742","138,333","-6,409",-4.4
"State College, PA","135,758","153,990","18,232",13.4
"Steubenville-Weirton, OH-WV","132,008","124,454","-7,554",-5.7
"Stockton, CA","563,598","685,306","121,708",21.6
"Sumter, SC","104,646","107,456","2,810",2.7
"Syracuse, NY","650,154","662,577","12,423",1.9
"Tallahassee, FL","320,304","367,413","47,109",14.7
"Tampa-St. Petersburg-Clearwater, FL","2,395,997","2,783,243","387,246",16.2
"Terre Haute, IN","170,943","172,425","1,482",0.9
"Texarkana, TX-Texarkana, AR","129,749","136,027","6,278",4.8
"Toledo, OH","659,188","651,429","-7,759",-1.2
"Topeka, KS","224,551","233,870","9,319",4.2
"Trenton-Ewing, NJ","350,761","366,513","15,752",4.5
"Tucson, AZ","843,746","980,263","136,517",16.2
"Tulsa, OK","859,532","937,478","77,946",9.1
"Tuscaloosa, AL","192,034","219,461","27,427",14.3
"Tyler, TX","174,706","209,714","35,008",20.0
"Utica-Rome, NY","299,896","299,397",-499,-0.2
"Valdosta, GA","119,560","139,588","20,028",16.8
"Vallejo-Fairfield, CA","394,542","413,344","18,802",4.8
"Victoria, TX","111,663","115,384","3,721",3.3
"Vineland-Millville-Bridgeton, NJ","146,438","156,898","10,460",7.1
"Virginia Beach-Norfolk-Newport News, VA-NC","1,576,370","1,671,683","95,313",6.0
"Visalia-Porterville, CA","368,021","442,179","74,158",20.2
"Waco, TX","213,517","234,906","21,389",10.0
"Warner Robins, GA","110,765","139,900","29,135",26.3
"Washington-Arlington-Alexandria, DC-VA-MD-WV","4,796,183","5,582,170","785,987",16.4
"Waterloo-Cedar Falls, IA","163,706","167,819","4,113",2.5
"Wausau, WI","125,834","134,063","8,229",6.5
"Wenatchee-East Wenatchee, WA","99,219","110,884","11,665",11.8
"Wheeling, WV-OH","153,172","147,950","-5,222",-3.4
"Wichita, KS","571,166","623,061","51,895",9.1
"Wichita Falls, TX","151,524","151,306",-218,-0.1
"Williamsport, PA","120,044","116,111","-3,933",-3.3
"Wilmington, NC","274,532","362,315","87,783",32.0
"Winchester, VA-WV","102,997","128,472","25,475",24.7
"Winston-Salem, NC","421,961","477,717","55,756",13.2
"Worcester, MA","750,963","798,552","47,589",6.3
"Yakima, WA","222,581","243,231","20,650",9.3
"York-Hanover, PA","381,751","434,972","53,221",13.9
"Youngstown-Warren-Boardman, OH-PA","602,964","565,773","-37,191",-6.2
"Yuba City, CA","139,149","166,892","27,743",19.9
"Yuma, AZ","160,026","195,751","35,725",22.3
,,,, 
Micropolitan statistical area,,,, 
"Abbeville, LA","53,807","57,999","4,192",7.8
"Aberdeen, SD","39,827","40,602",775,1.9
"Aberdeen, WA","67,194","72,797","5,603",8.3
"Ada, OK","35,143","37,492","2,349",6.7
"Adrian, MI","98,890","99,892","1,002",1.0
"Alamogordo, NM","62,298","63,797","1,499",2.4
"Albany-Lebanon, OR","103,069","116,672","13,603",13.2
"Albemarle, NC","58,100","60,585","2,485",4.3
"Albert Lea, MN","32,584","31,255","-1,329",-4.1
"Albertville, AL","82,231","93,019","10,788",13.1
"Alexander City, AL","53,677","53,155",-522,-1.0
"Alexandria, MN","32,821","36,009","3,188",9.7
"Alice, TX","39,326","40,838","1,512",3.8
"Allegan, MI","105,665","111,408","5,743",5.4
"Alma, MI","42,285","42,476",191,0.5
"Alpena, MI","31,314","29,598","-1,716",-5.5
"Altus, OK","28,439","26,446","-1,993",-7.0
"Americus, GA","36,966","37,829",863,2.3
"Amsterdam, NY","49,708","50,219",511,1.0
"Andrews, TX","13,004","14,786","1,782",13.7
"Angola, IN","33,214","34,185",971,2.9
"Arcadia, FL","32,209","34,862","2,653",8.2
"Ardmore, OK","54,452","56,980","2,528",4.6
"Arkadelphia, AR","23,546","22,995",-551,-2.3
"Ashland, OH","52,523","53,139",616,1.2
"Ashtabula, OH","102,728","101,497","-1,231",-1.2
"Astoria, OR","35,630","37,039","1,409",4.0
"Atchison, KS","16,774","16,924",150,0.9
"Athens, OH","62,223","64,757","2,534",4.1
"Athens, TN","49,015","52,266","3,251",6.6
"Athens, TX","73,277","78,532","5,255",7.2
"Auburn, IN","40,285","42,223","1,938",4.8
"Auburn, NY","81,963","80,026","-1,937",-2.4
"Augusta-Waterville, ME","117,114","122,151","5,037",4.3
"Austin, MN","38,603","39,163",560,1.5
"Bainbridge, GA","28,240","27,842",-398,-1.4
"Baraboo, WI","55,225","61,976","6,751",12.2
"Barre, VT","58,039","59,534","1,495",2.6
"Bartlesville, OK","48,996","50,976","1,980",4.0
"Bastrop, LA","31,021","27,979","-3,042",-9.8
"Batavia, NY","60,370","60,079",-291,-0.5
"Batesville, AR","34,233","36,647","2,414",7.1
"Bay City, TX","37,957","36,702","-1,255",-3.3
"Beatrice, NE","22,993","22,311",-682,-3.0
"Beaver Dam, WI","85,897","88,759","2,862",3.3
"Beckley, WV","79,220","78,859",-361,-0.5
"Bedford, IN","45,922","46,134",212,0.5
"Beeville, TX","32,359","31,861",-498,-1.5
"Bellefontaine, OH","46,005","45,858",-147,-0.3
"Bemidji, MN","39,650","44,442","4,792",12.1
"Bennettsville, SC","28,818","28,933",115,0.4
"Bennington, VT","36,994","37,125",131,0.4
"Berlin, NH-VT","39,570","39,361",-209,-0.5
"Big Rapids, MI","40,553","42,798","2,245",5.5
"Big Spring, TX","33,627","35,012","1,385",4.1
"Bishop, CA","17,945","18,546",601,3.3
"Blackfoot, ID","41,735","45,607","3,872",9.3
"Bloomsburg-Berwick, PA","82,387","85,562","3,175",3.9
"Bluefield, WV-VA","107,578","107,342",-236,-0.2
"Blytheville, AR","51,979","46,480","-5,499",-10.6
"Bogalusa, LA","43,926","47,168","3,242",7.4
"Bonham, TX","31,242","33,915","2,673",8.6
"Boone, IA","26,224","26,306",82,0.3
"Boone, NC","42,695","51,079","8,384",19.6
"Borger, TX","23,857","22,150","-1,707",-7.2
"Bozeman, MT","67,831","89,513","21,682",32.0
"Bradford, PA","45,936","43,450","-2,486",-5.4
"Brainerd, MN","82,249","91,067","8,818",10.7
"Branson, MO","68,361","83,877","15,516",22.7
"Brenham, TX","30,373","33,718","3,345",11.0
"Brevard, NC","29,334","33,090","3,756",12.8
"Brigham City, UT","42,745","49,975","7,230",16.9
"Brookhaven, MS","33,166","34,869","1,703",5.1
"Brookings, OR","21,137","22,364","1,227",5.8
"Brookings, SD","28,220","31,965","3,745",13.3
"Brownsville, TN","19,797","18,787","-1,010",-5.1
"Brownwood, TX","37,674","38,106",432,1.1
"Bucyrus, OH","46,966","43,784","-3,182",-6.8
"Burley, ID","41,590","43,021","1,431",3.4
"Burlington, IA-IL","50,564","47,656","-2,908",-5.8
"Butte-Silver Bow, MT","34,606","34,200",-406,-1.2
"Cadillac, MI","44,962","47,584","2,622",5.8
"Calhoun, GA","44,104","55,186","11,082",25.1
"Cambridge, MD","30,674","32,618","1,944",6.3
"Cambridge, OH","40,792","40,087",-705,-1.7
"Camden, AR","34,534","31,488","-3,046",-8.8
"Campbellsville, KY","22,927","24,512","1,585",6.9
"Cañon City, CO","46,145","46,824",679,1.5
"Canton, IL","38,250","37,069","-1,181",-3.1
"Carbondale, IL","59,612","60,218",606,1.0
"Carlsbad-Artesia, NM","51,658","53,829","2,171",4.2
"Cedar City, UT","33,779","46,163","12,384",36.7
"Cedartown, GA","38,127","41,475","3,348",8.8
"Celina, OH","40,924","40,814",-110,-0.3
"Central City, KY","31,839","31,499",-340,-1.1
"Centralia, IL","41,691","39,437","-2,254",-5.4
"Centralia, WA","68,600","75,455","6,855",10.0
"Chambersburg, PA","129,313","149,618","20,305",15.7
"Charleston-Mattoon, IL","64,449","64,921",472,0.7
"Chester, SC","34,068","33,140",-928,-2.7
"Chillicothe, OH","73,345","78,064","4,719",6.4
"Claremont, NH","40,458","43,742","3,284",8.1
"Clarksburg, WV","92,144","94,196","2,052",2.2
"Clarksdale, MS","30,622","26,151","-4,471",-14.6
"Clearlake, CA","58,309","64,665","6,356",10.9
"Cleveland, MS","40,633","34,145","-6,488",-16.0
"Clewiston, FL","36,210","39,140","2,930",8.1
"Clinton, IA","50,149","49,116","-1,033",-2.1
"Clovis, NM","45,044","48,376","3,332",7.4
"Coffeyville, KS","36,252","35,471",-781,-2.2
"Coldwater, MI","45,787","45,248",-539,-1.2
"Columbia, TN","69,498","80,956","11,458",16.5
"Columbus, MS","61,586","59,779","-1,807",-2.9
"Columbus, NE","31,662","32,237",575,1.8
"Concord, NH","136,225","146,445","10,220",7.5
"Connersville, IN","25,588","24,277","-1,311",-5.1
"Cookeville, TN","93,417","106,042","12,625",13.5
"Coos Bay, OR","62,779","63,043",264,0.4
"Corbin, KY","35,865","35,637",-228,-0.6
"Cordele, GA","21,996","23,439","1,443",6.6
"Corinth, MS","34,558","37,057","2,499",7.2
"Cornelia, GA","35,902","43,041","7,139",19.9
"Corning, NY","98,726","98,990",264,0.3
"Corsicana, TX","45,124","47,735","2,611",5.8
"Cortland, NY","48,599","49,336",737,1.5
"Coshocton, OH","36,655","36,901",246,0.7
"Crawfordsville, IN","37,629","38,124",495,1.3
"Crescent City, CA","27,507","28,610","1,103",4.0
"Crossville, TN","46,802","56,053","9,251",19.8
"Crowley, LA","58,861","61,773","2,912",4.9
"Cullman, AL","77,483","80,406","2,923",3.8
"Culpeper, VA","34,262","46,689","12,427",36.3
"Danville, KY","51,058","53,174","2,116",4.1
"Daphne-Fairhope-Foley, AL","140,415","182,265","41,850",29.8
"Decatur, IN","33,625","34,387",762,2.3
"Defiance, OH","39,500","39,037",-463,-1.2
"Del Rio, TX","44,856","48,879","4,023",9.0
"Deming, NM","25,016","25,095",79,0.3
"DeRidder, LA","32,986","35,654","2,668",8.1
"Dickinson, ND","23,524","24,982","1,458",6.2
"Dillon, SC","30,722","32,062","1,340",4.4
"Dixon, IL","36,062","36,031",-31,-0.1
"Dodge City, KS","32,458","33,848","1,390",4.3
"Douglas, GA","45,022","50,731","5,709",12.7
"Dublin, GA","53,434","58,414","4,980",9.3
"DuBois, PA","83,382","81,642","-1,740",-2.1
"Dumas, TX","20,121","21,904","1,783",8.9
"Duncan, OK","43,182","45,048","1,866",4.3
"Dunn, NC","91,025","114,678","23,653",26.0
"Durango, CO","43,941","51,334","7,393",16.8
"Durant, OK","36,534","42,416","5,882",16.1
"Dyersburg, TN","37,279","38,335","1,056",2.8
"Eagle Pass, TX","47,297","54,258","6,961",14.7
"East Liverpool-Salem, OH","112,075","107,841","-4,234",-3.8
"Easton, MD","33,812","37,782","3,970",11.7
"East Stroudsburg, PA","138,687","169,842","31,155",22.5
"Edwards, CO","49,471","59,507","10,036",20.3
"Effingham, IL","34,264","34,242",-22,-0.1
"El Campo, TX","41,188","41,280",92,0.2
"El Dorado, AR","45,629","41,639","-3,990",-8.7
"Elizabeth City, NC","53,150","64,094","10,944",20.6
"Elk City, OK","19,799","22,119","2,320",11.7
"Elko, NV","46,942","50,805","3,863",8.2
"Ellensburg, WA","33,362","40,915","7,553",22.6
"Emporia, KS","38,965","36,480","-2,485",-6.4
"Enid, OK","57,813","60,580","2,767",4.8
"Enterprise-Ozark, AL","92,744","100,199","7,455",8.0
"Escanaba, MI","38,520","37,069","-1,451",-3.8
"Espanola, NM","41,190","40,246",-944,-2.3
"Eufaula, AL-GA","31,636","29,970","-1,666",-5.3
"Eureka-Arcata-Fortuna, CA","126,518","134,623","8,105",6.4
"Evanston, WY","19,742","21,118","1,376",7.0
"Fairmont, MN","21,802","20,840",-962,-4.4
"Fairmont, WV","56,598","56,418",-180,-0.3
"Fallon, NV","23,982","24,877",895,3.7
"Faribault-Northfield, MN","56,665","64,142","7,477",13.2
"Farmington, MO","55,641","65,359","9,718",17.5
"Fergus Falls, MN","57,159","57,303",144,0.3
"Fernley, NV","34,501","51,980","17,479",50.7
"Findlay, OH","71,295","74,782","3,487",4.9
"Fitzgerald, GA","27,415","27,172",-243,-0.9
"Forest City, NC","62,899","67,810","4,911",7.8
"Forrest City, AR","29,329","28,258","-1,071",-3.7
"Fort Dodge, IA","40,235","38,013","-2,222",-5.5
"Fort Leonard Wood, MO","41,165","52,274","11,109",27.0
"Fort Madison-Keokuk, IA-MO","45,468","43,001","-2,467",-5.4
"Fort Morgan, CO","27,171","28,159",988,3.6
"Fort Payne, AL","64,452","71,109","6,657",10.3
"Fort Polk South, LA","52,531","52,334",-197,-0.4
"Fort Valley, GA","23,668","27,695","4,027",17.0
"Frankfort, IN","33,866","33,224",-642,-1.9
"Frankfort, KY","66,798","70,706","3,908",5.9
"Fredericksburg, TX","20,814","24,837","4,023",19.3
"Freeport, IL","48,979","47,711","-1,268",-2.6
"Fremont, NE","36,160","36,691",531,1.5
"Fremont, OH","61,792","60,944",-848,-1.4
"Gaffney, SC","52,537","55,342","2,805",5.3
"Gainesville, TX","36,363","38,437","2,074",5.7
"Galesburg, IL","74,571","70,626","-3,945",-5.3
"Gallup, NM","74,798","71,492","-3,306",-4.4
"Garden City, KS","40,523","36,776","-3,747",-9.2
"Gardnerville Ranchos, NV","41,259","46,997","5,738",13.9
"Georgetown, SC","55,797","60,158","4,361",7.8
"Gettysburg, PA","91,292","101,407","10,115",11.1
"Gillette, WY","33,698","46,133","12,435",36.9
"Glasgow, KY","48,070","52,272","4,202",8.7
"Gloversville, NY","55,073","55,531",458,0.8
"Granbury, TX","47,909","59,672","11,763",24.6
"Grand Island, NE","68,305","72,726","4,421",6.5
"Grants, NM","25,595","27,213","1,618",6.3
"Grants Pass, OR","75,726","82,713","6,987",9.2
"Great Bend, KS","28,205","27,674",-531,-1.9
"Greeneville, TN","62,909","68,831","5,922",9.4
"Greensburg, IN","24,555","25,740","1,185",4.8
"Greenville, MS","62,977","51,137","-11,840",-18.8
"Greenville, OH","53,309","52,959",-350,-0.7
"Greenwood, MS","48,716","42,914","-5,802",-11.9
"Greenwood, SC","66,271","69,661","3,390",5.1
"Grenada, MS","23,263","21,906","-1,357",-5.8
"Guymon, OK","20,107","20,640",533,2.7
"Hammond, LA","100,588","121,097","20,509",20.4
"Hannibal, MO","37,915","38,948","1,033",2.7
"Harriman, TN","51,910","54,181","2,271",4.4
"Harrisburg, IL","26,733","24,913","-1,820",-6.8
"Harrison, AR","42,556","45,233","2,677",6.3
"Hastings, NE","38,190","37,906",-284,-0.7
"Havre, MT","16,673","16,096",-577,-3.5
"Hays, KS","27,507","28,452",945,3.4
"Heber, UT","15,215","23,530","8,315",54.7
"Helena, MT","65,765","74,801","9,036",13.7
"Helena-West Helena, AR","26,445","21,757","-4,688",-17.7
"Henderson, NC","42,954","45,422","2,468",5.7
"Hereford, TX","18,561","19,372",811,4.4
"Hilo, HI","148,677","185,079","36,402",24.5
"Hilton Head Island-Beaufort, SC","141,615","187,010","45,395",32.1
"Hobbs, NM","55,511","64,727","9,216",16.6
"Homosassa Springs, FL","118,085","141,236","23,151",19.6
"Hood River, OR","20,411","22,346","1,935",9.5
"Hope, AR","33,542","31,606","-1,936",-5.8
"Houghton, MI","38,317","38,784",467,1.2
"Hudson, NY","63,094","63,096",2,0.0
"Humboldt, TN","48,152","49,683","1,531",3.2
"Huntingdon, PA","45,586","45,913",327,0.7
"Huntington, IN","38,075","37,124",-951,-2.5
"Huntsville, TX","61,758","67,861","6,103",9.9
"Huron, SD","17,023","17,398",375,2.2
"Hutchinson, KS","64,790","64,511",-279,-0.4
"Hutchinson, MN","34,898","36,651","1,753",5.0
"Indiana, PA","89,605","88,880",-725,-0.8
"Indianola, MS","34,369","29,450","-4,919",-14.3
"Iron Mountain, MI-WI","32,560","30,591","-1,969",-6.0
"Jackson, WY-ID","24,250","31,464","7,214",29.7
"Jacksonville, IL","42,153","40,902","-1,251",-3.0
"Jacksonville, TX","46,659","50,845","4,186",9.0
"Jamestown, ND","21,908","21,100",-808,-3.7
"Jamestown-Dunkirk-Fredonia, NY","139,750","134,905","-4,845",-3.5
"Jasper, IN","52,511","54,734","2,223",4.2
"Jennings, LA","31,435","31,594",159,0.5
"Jesup, GA","26,565","30,099","3,534",13.3
"Juneau, AK","30,711","31,275",564,1.8
"Kahului-Wailuku, HI","128,094","154,834","26,740",20.9
"Kalispell, MT","74,471","90,928","16,457",22.1
"Kapaa, HI","58,463","67,091","8,628",14.8
"Kearney, NE","49,141","52,591","3,450",7.0
"Keene, NH","73,825","77,117","3,292",4.5
"Kendallville, IN","46,275","47,536","1,261",2.7
"Kennett, MO","33,155","31,953","-1,202",-3.6
"Kerrville, TX","43,653","49,625","5,972",13.7
"Ketchikan, AK","14,070","13,477",-593,-4.2
"Key West, FL","79,589","73,090","-6,499",-8.2
"Kill Devil Hills, NC","29,967","33,920","3,953",13.2
"Kingsville, TX","31,963","32,477",514,1.6
"Kinston, NC","59,648","59,495",-153,-0.3
"Kirksville, MO","29,147","30,038",891,3.1
"Klamath Falls, OR","63,775","66,380","2,605",4.1
"Kodiak, AK","13,913","13,592",-321,-2.3
"Laconia, NH","56,325","60,088","3,763",6.7
"La Follette, TN","39,854","40,716",862,2.2
"La Grande, OR","24,530","25,748","1,218",5.0
"LaGrange, GA","58,779","67,044","8,265",14.1
"Lake City, FL","56,513","67,531","11,018",19.5
"Lamesa, TX","14,985","13,833","-1,152",-7.7
"Lancaster, SC","61,351","76,652","15,301",24.9
"Laramie, WY","32,014","36,299","4,285",13.4
"Las Vegas, NM","30,126","29,393",-733,-2.4
"Laurel, MS","83,107","84,823","1,716",2.1
"Laurinburg, NC","35,998","36,157",159,0.4
"Lawrenceburg, TN","39,926","41,869","1,943",4.9
"Lebanon, MO","32,513","35,571","3,058",9.4
"Lebanon, NH-VT","167,387","174,724","7,337",4.4
"Levelland, TX","22,716","22,935",219,1.0
"Lewisburg, PA","41,624","44,947","3,323",8.0
"Lewisburg, TN","26,767","30,617","3,850",14.4
"Lewistown, PA","46,486","46,682",196,0.4
"Lexington, NE","26,508","26,370",-138,-0.5
"Lexington Park, MD","86,211","105,151","18,940",22.0
"Liberal, KS","22,510","22,952",442,2.0
"Lincoln, IL","31,183","30,305",-878,-2.8
"Lincolnton, NC","63,780","78,265","14,485",22.7
"Lock Haven, PA","37,914","39,238","1,324",3.5
"Logansport, IN","40,930","38,966","-1,964",-4.8
"London, KY","52,715","58,849","6,134",11.6
"Los Alamos, NM","18,343","17,950",-393,-2.1
"Lufkin, TX","80,130","86,771","6,641",8.3
"Lumberton, NC","123,339","134,168","10,829",8.8
"Macomb, IL","32,913","32,612",-301,-0.9
"Madison, IN","31,705","32,428",723,2.3
"Madisonville, KY","46,519","46,920",401,0.9
"Magnolia, AR","25,603","24,552","-1,051",-4.1
"Malone, NY","51,134","51,599",465,0.9
"Manitowoc, WI","82,887","81,442","-1,445",-1.7
"Marble Falls, TX","34,147","42,750","8,603",25.2
"Marinette, WI-MI","68,710","65,778","-2,932",-4.3
"Marion, IN","73,403","70,061","-3,342",-4.6
"Marion, OH","66,217","66,501",284,0.4
"Marion-Herrin, IL","61,296","66,357","5,061",8.3
"Marquette, MI","64,634","67,077","2,443",3.8
"Marshall, MN","25,425","25,857",432,1.7
"Marshall, MO","23,756","23,370",-386,-1.6
"Marshall, TX","62,110","65,631","3,521",5.7
"Marshalltown, IA","39,311","40,648","1,337",3.4
"Marshfield-Wisconsin Rapids, WI","75,555","74,749",-806,-1.1
"Martin, TN","34,895","35,021",126,0.4
"Martinsville, VA","73,346","67,972","-5,374",-7.3
"Maryville, MO","21,912","23,370","1,458",6.7
"Mason City, IA","54,356","51,749","-2,607",-4.8
"Mayfield, KY","37,028","37,121",93,0.3
"Maysville, KY","30,892","31,360",468,1.5
"McAlester, OK","43,953","45,837","1,884",4.3
"McComb, MS","52,539","53,535",996,1.9
"McMinnville, TN","38,276","39,839","1,563",4.1
"McPherson, KS","29,554","29,180",-374,-1.3
"Meadville, PA","90,366","88,765","-1,601",-1.8
"Menomonie, WI","39,858","43,857","3,999",10.0
"Meridian, MS","106,569","107,449",880,0.8
"Merrill, WI","29,641","28,743",-898,-3.0
"Mexico, MO","25,853","25,529",-324,-1.3
"Miami, OK","33,194","31,848","-1,346",-4.1
"Middlesborough, KY","30,060","28,691","-1,369",-4.6
"Midland, MI","82,874","83,629",755,0.9
"Milledgeville, GA","54,776","55,149",373,0.7
"Minden, LA","41,831","41,207",-624,-1.5
"Mineral Wells, TX","27,026","28,111","1,085",4.0
"Minot, ND","67,392","69,540","2,148",3.2
"Mitchell, SD","21,880","22,835",955,4.4
"Moberly, MO","24,663","25,414",751,3.0
"Monroe, WI","33,647","36,842","3,195",9.5
"Montrose, CO","33,432","41,276","7,844",23.5
"Morehead City, NC","59,383","66,469","7,086",11.9
"Morgan City, LA","53,500","54,650","1,150",2.1
"Moscow, ID","34,935","37,244","2,309",6.6
"Moses Lake, WA","74,698","89,120","14,422",19.3
"Moultrie, GA","42,053","45,498","3,445",8.2
"Mountain Home, AR","38,386","41,513","3,127",8.1
"Mountain Home, ID","29,130","27,038","-2,092",-7.2
"Mount Airy, NC","71,219","73,673","2,454",3.4
"Mount Pleasant, MI","63,351","70,311","6,960",11.0
"Mount Pleasant, TX","28,118","32,334","4,216",15.0
"Mount Sterling, KY","40,195","44,396","4,201",10.5
"Mount Vernon, IL","48,666","47,284","-1,382",-2.8
"Mount Vernon, OH","54,500","60,921","6,421",11.8
"Murray, KY","34,177","37,191","3,014",8.8
"Muscatine, IA","53,905","54,132",227,0.4
"Muskogee, OK","69,451","70,990","1,539",2.2
"Nacogdoches, TX","59,203","64,524","5,321",9.0
"Natchez, MS-LA","54,587","53,119","-1,468",-2.7
"Natchitoches, LA","39,080","39,566",486,1.2
"New Bern, NC","114,751","126,802","12,051",10.5
"Newberry, SC","36,108","37,508","1,400",3.9
"New Castle, IN","48,508","49,462",954,2.0
"New Castle, PA","94,643","91,108","-3,535",-3.7
"New Iberia, LA","73,266","73,240",-26,0.0
"New Philadelphia-Dover, OH","90,914","92,582","1,668",1.8
"Newport, TN","33,565","35,662","2,097",6.2
"Newton, IA","37,213","36,842",-371,-1.0
"New Ulm, MN","26,911","25,893","-1,018",-3.8
"Nogales, AZ","38,381","47,420","9,039",23.6
"Norfolk, NE","49,538","48,271","-1,267",-2.6
"North Platte, NE","35,939","37,590","1,651",4.6
"North Vernon, IN","27,554","28,525",971,3.5
"North Wilkesboro, NC","65,632","69,340","3,708",5.6
"Norwalk, OH","59,487","59,626",139,0.2
"Oak Harbor, WA","71,558","78,506","6,948",9.7
"Oak Hill, WV","47,579","46,039","-1,540",-3.2
"Ocean Pines, MD","46,543","51,454","4,911",10.6
"Ogdensburg-Massena, NY","111,931","111,944",13,0.0
"Oil City, PA","57,565","54,984","-2,581",-4.5
"Okeechobee, FL","35,910","39,996","4,086",11.4
"Olean, NY","83,955","80,317","-3,638",-4.3
"Oneonta, NY","61,676","62,259",583,0.9
"Ontario, OR-ID","52,193","53,936","1,743",3.3
"Opelousas-Eunice, LA","87,700","83,384","-4,316",-4.9
"Orangeburg, SC","91,582","92,501",919,1.0
"Oskaloosa, IA","22,335","22,381",46,0.2
"Ottawa-Streator, IL","153,098","154,908","1,810",1.2
"Ottumwa, IA","36,051","35,625",-426,-1.2
"Owatonna, MN","33,680","36,576","2,896",8.6
"Owosso, MI","71,687","70,648","-1,039",-1.4
"Oxford, MS","38,744","47,351","8,607",22.2
"Paducah, KY-IL","98,765","98,762",-3,0.0
"Pahrump, NV","32,485","43,946","11,461",35.3
"Palatka, FL","70,423","74,364","3,941",5.6
"Palestine, TX","55,109","58,458","3,349",6.1
"Pampa, TX","23,631","23,464",-167,-0.7
"Paragould, AR","37,331","42,090","4,759",12.7
"Paris, TN","31,115","32,330","1,215",3.9
"Paris, TX","48,499","49,793","1,294",2.7
"Parsons, KS","22,835","21,607","-1,228",-5.4
"Payson, AZ","51,335","53,597","2,262",4.4
"Pecos, TX","13,137","13,783",646,4.9
"Pella, IA","32,052","33,309","1,257",3.9
"Pendleton-Hermiston, OR","81,543","87,062","5,519",6.8
"Peru, IN","36,082","36,903",821,2.3
"Phoenix Lake-Cedar Ridge, CA","54,501","55,365",864,1.6
"Picayune, MS","48,621","55,834","7,213",14.8
"Pierre, SD","19,253","19,988",735,3.8
"Pierre Part, LA","23,388","23,421",33,0.1
"Pittsburg, KS","38,242","39,134",892,2.3
"Plainview, TX","36,602","36,273",-329,-0.9
"Platteville, WI","49,597","51,208","1,611",3.2
"Plattsburgh, NY","79,894","82,128","2,234",2.8
"Plymouth, IN","45,128","47,051","1,923",4.3
"Point Pleasant, WV-OH","57,026","58,258","1,232",2.2
"Ponca City, OK","48,080","46,562","-1,518",-3.2
"Pontiac, IL","39,678","38,950",-728,-1.8
"Poplar Bluff, MO","40,867","42,794","1,927",4.7
"Portales, NM","18,018","19,846","1,828",10.1
"Port Angeles, WA","64,525","71,404","6,879",10.7
"Portsmouth, OH","79,195","79,499",304,0.4
"Pottsville, PA","150,336","148,289","-2,047",-1.4
"Price, UT","20,422","21,403",981,4.8
"Prineville, OR","19,182","20,978","1,796",9.4
"Pullman, WA","40,740","44,776","4,036",9.9
"Quincy, IL-MO","78,771","77,314","-1,457",-1.8
"Raymondville, TX","20,082","22,134","2,052",10.2
"Red Bluff, CA","56,039","63,463","7,424",13.2
"Red Wing, MN","44,127","46,183","2,056",4.7
"Rexburg, ID","39,286","50,778","11,492",29.3
"Richmond, IN","71,097","68,917","-2,180",-3.1
"Richmond-Berea, KY","87,454","99,972","12,518",14.3
"Rio Grande City-Roma, TX","53,597","60,968","7,371",13.8
"Riverton, WY","35,804","40,123","4,319",12.1
"Roanoke Rapids, NC","79,456","76,790","-2,666",-3.4
"Rochelle, IL","51,032","53,497","2,465",4.8
"Rockingham, NC","46,564","46,639",75,0.2
"Rockland, ME","39,618","39,736",118,0.3
"Rock Springs, WY","37,613","43,806","6,193",16.5
"Rolla, MO","39,825","45,156","5,331",13.4
"Roseburg, OR","100,399","107,667","7,268",7.2
"Roswell, NM","61,382","65,645","4,263",6.9
"Ruidoso, NM","19,411","20,497","1,086",5.6
"Russellville, AR","75,608","83,939","8,331",11.0
"Ruston, LA","57,906","63,009","5,103",8.8
"Rutland, VT","63,400","61,642","-1,758",-2.8
"Safford, AZ","42,036","45,657","3,621",8.6
"St. Marys, GA","43,664","50,513","6,849",15.7
"St. Marys, PA","35,112","31,946","-3,166",-9.0
"Salina, KS","59,760","61,697","1,937",3.2
"Salisbury, NC","130,340","138,428","8,088",6.2
"Sanford, NC","49,040","57,866","8,826",18.0
"Sault Ste. Marie, MI","38,543","38,520",-23,-0.1
"Sayre, PA","62,761","62,622",-139,-0.2
"Scottsbluff, NE","37,770","37,660",-110,-0.3
"Scottsboro, AL","53,926","53,227",-699,-1.3
"Scottsburg, IN","22,960","24,181","1,221",5.3
"Seaford, DE","156,638","197,145","40,507",25.9
"Searcy, AR","67,165","77,076","9,911",14.8
"Sebring, FL","87,366","98,786","11,420",13.1
"Sedalia, MO","39,403","42,201","2,798",7.1
"Selinsgrove, PA","37,546","39,702","2,156",5.7
"Selma, AL","46,365","43,820","-2,545",-5.5
"Seneca, SC","66,215","74,273","8,058",12.2
"Seneca Falls, NY","33,342","35,251","1,909",5.7
"Sevierville, TN","71,170","89,889","18,719",26.3
"Seymour, IN","41,335","42,376","1,041",2.5
"Shawnee, OK","65,521","69,442","3,921",6.0
"Shelby, NC","96,287","98,078","1,791",1.9
"Shelbyville, TN","37,586","45,058","7,472",19.9
"Shelton, WA","49,405","60,699","11,294",22.9
"Sheridan, WY","26,560","29,116","2,556",9.6
"Show Low, AZ","97,470","107,449","9,979",10.2
"Sidney, OH","47,910","49,423","1,513",3.2
"Sierra Vista-Douglas, AZ","117,755","131,346","13,591",11.5
"Sikeston, MO","40,422","39,191","-1,231",-3.0
"Silver City, NM","31,002","29,514","-1,488",-4.8
"Silverthorne, CO","23,548","27,994","4,446",18.9
"Snyder, TX","16,361","16,921",560,3.4
"Somerset, KY","56,217","63,063","6,846",12.2
"Somerset, PA","80,023","77,742","-2,281",-2.9
"Southern Pines-Pinehurst, NC","74,769","88,247","13,478",18.0
"Spearfish, SD","21,802","24,097","2,295",10.5
"Spencer, IA","17,372","16,667",-705,-4.1
"Spirit Lake, IA","16,424","16,667",243,1.5
"Starkville, MS","42,902","47,671","4,769",11.1
"Statesboro, GA","55,983","70,217","14,234",25.4
"Statesville-Mooresville, NC","122,660","159,437","36,777",30.0
"Staunton-Waynesboro, VA","108,988","118,502","9,514",8.7
"Stephenville, TX","33,001","37,890","4,889",14.8
"Sterling, CO","20,504","22,709","2,205",10.8
"Sterling, IL","60,653","58,498","-2,155",-3.6
"Stevens Point, WI","67,182","70,019","2,837",4.2
"Stillwater, OK","68,190","77,350","9,160",13.4
"Storm Lake, IA","20,411","20,260",-151,-0.7
"Sturgis, MI","62,422","61,295","-1,127",-1.8
"Sulphur Springs, TX","31,960","35,161","3,201",10.0
"Summerville, GA","25,470","26,015",545,2.1
"Sunbury, PA","94,556","94,528",-28,0.0
"Susanville, CA","33,828","34,895","1,067",3.2
"Sweetwater, TX","15,802","15,216",-586,-3.7
"Tahlequah, OK","42,521","46,987","4,466",10.5
"Talladega-Sylacauga, AL","80,321","82,291","1,970",2.5
"Tallulah, LA","13,728","12,093","-1,635",-11.9
"Taos, NM","29,979","32,937","2,958",9.9
"Taylorville, IL","35,372","34,800",-572,-1.6
"The Dalles, OR","23,791","25,213","1,422",6.0
"The Villages, FL","53,345","93,420","40,075",75.1
"Thomaston, GA","27,597","27,153",-444,-1.6
"Thomasville, GA","42,737","44,720","1,983",4.6
"Thomasville-Lexington, NC","147,246","162,878","15,632",10.6
"Tiffin, OH","58,683","56,745","-1,938",-3.3
"Tifton, GA","38,407","40,118","1,711",4.5
"Toccoa, GA","25,435","26,175",740,2.9
"Torrington, CT","182,193","189,927","7,734",4.2
"Traverse City, MI","131,342","143,372","12,030",9.2
"Troy, AL","29,605","32,899","3,294",11.1
"Truckee-Grass Valley, CA","92,033","98,764","6,731",7.3
"Tullahoma, TN","93,024","100,210","7,186",7.7
"Tupelo, MS","125,251","136,268","11,017",8.8
"Tuskegee, AL","24,105","21,452","-2,653",-11.0
"Twin Falls, ID","82,626","99,604","16,978",20.5
"Ukiah, CA","86,265","87,841","1,576",1.8
"Union, SC","29,881","28,961",-920,-3.1
"Union City, TN-KY","40,202","38,620","-1,582",-3.9
"Urbana, OH","38,890","40,097","1,207",3.1
"Uvalde, TX","25,926","26,405",479,1.8
"Valley, AL","36,583","34,215","-2,368",-6.5
"Van Wert, OH","29,659","28,744",-915,-3.1
"Vermillion, SD","13,537","13,864",327,2.4
"Vernal, UT","25,224","32,588","7,364",29.2
"Vernon, TX","14,676","13,535","-1,141",-7.8
"Vicksburg, MS","49,644","48,773",-871,-1.8
"Vidalia, GA","34,337","36,346","2,009",5.9
"Vincennes, IN","39,256","38,440",-816,-2.1
"Wabash, IN","34,960","32,888","-2,072",-5.9
"Wahpeton, ND-MN","25,136","22,897","-2,239",-8.9
"Walla Walla, WA","55,180","58,781","3,601",6.5
"Walterboro, SC","38,264","38,892",628,1.6
"Wapakoneta, OH","46,611","45,949",-662,-1.4
"Warren, PA","43,863","41,815","-2,048",-4.7
"Warrensburg, MO","48,258","52,595","4,337",9.0
"Warsaw, IN","74,057","77,358","3,301",4.5
"Washington, IN","29,820","31,648","1,828",6.1
"Washington, NC","44,958","47,759","2,801",6.2
"Washington Court House, OH","28,433","29,030",597,2.1
"Watertown, SD","31,437","33,130","1,693",5.4
"Watertown-Fort Atkinson, WI","74,021","83,686","9,665",13.1
"Watertown-Fort Drum, NY","111,738","116,229","4,491",4.0
"Wauchula, FL","26,938","27,731",793,2.9
"Waycross, GA","51,119","55,070","3,951",7.7
"Weatherford, OK","26,142","27,469","1,327",5.1
"West Plains, MO","37,238","40,400","3,162",8.5
"West Point, MS","21,979","20,634","-1,345",-6.1
"Whitewater, WI","93,759","102,228","8,469",9.0
"Willimantic, CT","109,091","118,428","9,337",8.6
"Williston, ND","19,761","22,398","2,637",13.3
"Willmar, MN","41,203","42,239","1,036",2.5
"Wilmington, OH","40,543","42,040","1,497",3.7
"Wilson, NC","73,814","81,234","7,420",10.1
"Winfield, KS","36,291","36,311",20,0.1
"Winona, MN","49,985","51,461","1,476",3.0
"Woodward, OK","18,486","20,081","1,595",8.6
"Wooster, OH","111,564","114,520","2,956",2.6
"Worthington, MN","20,832","21,378",546,2.6
"Yankton, SD","21,652","22,438",786,3.6
"Yazoo City, MS","28,149","28,065",-84,-0.3
"Zanesville, OH","84,585","86,074","1,489",1.8